Week_Number;Customer;Volume;group
1;gonadal;2;0
1;vistula;6;0
1;mizoram;6;0
1;cynurus;8;0
1;britska;13;0
1;amenity;14;0
1;puccoon;19;0
1;trismus;20;0
1;nonsane;27;0
1;engager;28;0
1;chunder;31;0
1;citizen;33;0
1;eroding;34;0
1;heavier;36;0
1;candler;37;0
1;murther;38;0
1;angrier;44;0
1;ivylike;45;0
1;kowloon;49;0
1;arecibo;53;0
1;sophist;55;0
1;protege;57;0
1;birling;60;0
1;bambino;64;0
1;aplitic;66;0
1;fumette;69;0
1;agulhas;71;0
1;manning;71;0
1;doubter;80;0
1;quamash;80;0
1;service;83;0
1;luganda;95;0
1;scauper;130;0
1;fleecer;135;0
1;maginus;136;0
1;iodizer;137;0
1;anchovy;146;0
1;starver;157;0
1;ferrari;178;0
1;twinned;181;0
1;stertor;201;0
1;capelin;213;0
1;kinesic;258;0
1;arrived;258;0
1;philtre;275;0
1;shipman;300;0
1;parquet;376;0
1;allover;407;0
1;subhead;416;0
1;enskyed;489;0
1;etching;657;0
1;berwick;682;0
1;saurian;692;0
1;flunkey_0001;777;0
1;toadied;1134;0
1;ebonise;1182;0
1;Year;2019;0
1;woodser;3468;0
1;grafton;4120;0
1;contemn;4603;0
1;maestro;5797;0
1;scalpel;6312;0
1;fergana;7370;0
1;cawdrey;8789;0
1;dacryon;8876;0
1;mortise;11423;0,5
1;shaptin;11885;0,5
1;microhm;12172;0,5
1;drawbar;15268;0,5
1;benison;16402;0,5
1;cadorna;16588;0,5
1;mitzvah;17467;0,5
1;precast;19088;0,5
1;recarve;20095;0,5
1;fordone;22507;0,5
1;hydroid;22680;0,5
1;seattle;22704;0,5
1;golding;32461;0,5
1;triduum;49620;0,5
1;lighter;69024;0,5
1;nonplus;104728;0,5
1;overlay;105175;0,5
1;neuston;164334;0,5
1;flunkey;942828;1
2;tripoli;1;0
2;anchovy;2;0
2;mizoram;3;0
2;protege;6;0
2;natalia;9;0
2;sullage;14;0
2;murther;14;0
2;gossipy;16;0
2;doubter;16;0
2;mabelle;16;0
2;bambino;17;0
2;airline;18;0
2;candler;19;0
2;sophist;26;0
2;trismus;31;0
2;cynurus;36;0
2;oceanog;39;0
2;amenity;39;0
2;nonsane;41;0
2;puccoon;43;0
2;kowloon;53;0
2;heavier;59;0
2;citizen;60;0
2;ivylike;62;0
2;arecibo;67;0
2;byronic;76;0
2;twinned;88;0
2;fumette;92;0
2;britska;93;0
2;quamash;99;0
2;iodizer;106;0
2;fleecer;108;0
2;aplitic;109;0
2;scauper;118;0
2;luganda;120;0
2;agulhas;123;0
2;maginus;125;0
2;service;129;0
2;chunder;136;0
2;philtre;191;0
2;angrier;204;0
2;eroding;221;0
2;ferrari;274;0
2;kinesic;274;0
2;regosol;292;0
2;manning;294;0
2;vistula;298;0
2;capelin;320;0
2;stertor;359;0
2;arrived;383;0
2;shipman;385;0
2;birling;427;0
2;subhead;480;0
2;parquet;511;0
2;starver;520;0
2;enskyed;604;0
2;etching;689;0
2;allover;818;0
2;berwick;829;0
2;saurian;1048;0
2;flunkey_0001;1447;0
2;ebonise;1563;0
2;Year;2019;0
2;grafton;3087;0
2;maestro;3326;0
2;scalpel;4135;0
2;woodser;4242;0
2;toadied;4444;0
2;contemn;7589;0
2;seattle;8198;0
2;cawdrey;10422;0,5
2;mortise;12434;0,5
2;precast;12587;0,5
2;drawbar;13321;0,5
2;fergana;14360;0,5
2;dacryon;15714;0,5
2;microhm;18263;0,5
2;benison;18758;0,5
2;cadorna;18830;0,5
2;shaptin;20511;0,5
2;recarve;26253;0,5
2;golding;28673;0,5
2;mitzvah;29150;0,5
2;fordone;30723;0,5
2;hydroid;34282;0,5
2;overlay;49958;0,5
2;triduum;51730;0,5
2;lighter;53570;0,5
2;neuston;112601;0,5
2;nonplus;142373;0,5
2;flunkey;963940;1
3;gossipy;4;0
3;airline;8;0
3;doubter;11;0
3;murther;16;0
3;britska;17;0
3;rending;22;0
3;bambino;26;0
3;byronic;35;0
3;puccoon;39;0
3;sophist;42;0
3;protege;46;0
3;ivylike;47;0
3;mizoram;47;0
3;citizen;54;0
3;heavier;55;0
3;scauper;55;0
3;amenity;56;0
3;candler;59;0
3;oceanog;61;0
3;quamash;65;0
3;trismus;70;0
3;aplitic;71;0
3;gonadal;71;0
3;luganda;74;0
3;mabelle;78;0
3;arecibo;81;0
3;fleecer;84;0
3;twinned;111;0
3;cynurus;115;0
3;iodizer;139;0
3;philtre;144;0
3;agulhas;158;0
3;birling;165;0
3;fumette;173;0
3;maginus;181;0
3;eroding;183;0
3;chunder;194;0
3;kinesic;198;0
3;ferrari;221;0
3;gingham;227;0
3;service;234;0
3;capelin;243;0
3;anchovy;277;0
3;shipman;278;0
3;angrier;307;0
3;manning;312;0
3;vistula;313;0
3;daro;335;0
3;subhead;409;0
3;stertor;410;0
3;starver;421;0
3;regosol;435;0
3;parquet;449;0
3;allover;483;0
3;etching;556;0
3;enskyed;563;0
3;arrived;592;0
3;saurian;782;0
3;berwick;970;0
3;flunkey_0001;1130;0
3;ebonise;1229;0
3;Year;2019;0
3;toadied;2762;0
3;maestro;3206;0
3;grafton;3274;0
3;woodser;3279;0
3;scalpel;3616;0
3;seattle;7417;0
3;contemn;7710;0
3;drawbar;11453;0,5
3;cawdrey;12253;0,5
3;dacryon;12311;0,5
3;mortise;13133;0,5
3;fergana;13218;0,5
3;precast;14194;0,5
3;benison;15068;0,5
3;cadorna;16252;0,5
3;microhm;17876;0,5
3;golding;19276;0,5
3;shaptin;20136;0,5
3;fordone;20231;0,5
3;hydroid;29929;0,5
3;mitzvah;32388;0,5
3;recarve;35966;0,5
3;overlay;41054;0,5
3;triduum;49387;0,5
3;lighter;52403;0,5
3;neuston;103396;0,5
3;nonplus;203291;0,5
3;flunkey;870492;1
4;kowloon;2;0
4;sophist;4;0
4;puccoon;8;0
4;citizen;8;0
4;bambino;11;0
4;supreme;12;0
4;byronic;12;0
4;amenity;13;0
4;heavier;21;0
4;arecibo;21;0
4;murther;24;0
4;gossipy;25;0
4;trismus;26;0
4;candler;27;0
4;gonadal;35;0
4;ivylike;39;0
4;birling;42;0
4;nonsane;45;0
4;maginus;77;0
4;twinned;79;0
4;scauper;81;0
4;quamash;85;0
4;protege;85;0
4;aplitic;88;0
4;luganda;90;0
4;fleecer;101;0
4;agulhas;107;0
4;chunder;110;0
4;philtre;117;0
4;iodizer;119;0
4;anchovy;120;0
4;cynurus;127;0
4;ferrari;131;0
4;angrier;140;0
4;fumette;164;0
4;mabelle;177;0
4;kinesic;186;0
4;arrived;217;0
4;shipman;238;0
4;doubter;240;0
4;manning;243;0
4;eroding;264;0
4;daro;289;0
4;service;291;0
4;capelin;322;0
4;vistula;342;0
4;sullage;374;0
4;stertor;388;0
4;starver;395;0
4;etching;423;0
4;enskyed;425;0
4;regosol;433;0
4;parquet;476;0
4;saurian;504;0
4;subhead;525;0
4;berwick;822;0
4;allover;899;0
4;flunkey_0001;1185;0
4;ebonise;1397;0
4;Year;2019;0
4;toadied;2213;0
4;woodser;2727;0
4;grafton;2977;0
4;maestro;3301;0
4;scalpel;5389;0
4;cawdrey;7163;0
4;contemn;7432;0
4;dacryon;7528;0
4;drawbar;12147;0,5
4;fergana;12506;0,5
4;seattle;13108;0,5
4;cadorna;15129;0,5
4;microhm;16815;0,5
4;recarve;17348;0,5
4;benison;18458;0,5
4;mortise;18950;0,5
4;fordone;19039;0,5
4;precast;19503;0,5
4;shaptin;19720;0,5
4;golding;20899;0,5
4;hydroid;24674;0,5
4;mitzvah;27276;0,5
4;overlay;39709;0,5
4;triduum;45851;0,5
4;lighter;53932;0,5
4;neuston;96874;0,5
4;nonplus;107456;0,5
4;flunkey;877722;1
5;ivylike;5;0
5;mabelle;7;0
5;britska;7;0
5;oceanog;10;0
5;kowloon;13;0
5;tripoli;15;0
5;supreme;25;0
5;amenity;27;0
5;gossipy;29;0
5;aplitic;30;0
5;citizen;34;0
5;angrier;36;0
5;gonadal;37;0
5;byronic;38;0
5;anchovy;40;0
5;protege;42;0
5;scauper;43;0
5;murther;44;0
5;candler;48;0
5;heavier;50;0
5;arecibo;52;0
5;puccoon;56;0
5;quamash;57;0
5;twinned;57;0
5;maginus;88;0
5;vistula;91;0
5;service;96;0
5;arrived;98;0
5;natalia;104;0
5;fumette;104;0
5;doubter;107;0
5;chunder;111;0
5;agulhas;129;0
5;iodizer;137;0
5;fleecer;139;0
5;luganda;142;0
5;philtre;148;0
5;ferrari;150;0
5;kinesic;191;0
5;eroding;219;0
5;cynurus;245;0
5;shipman;247;0
5;daro;252;0
5;capelin;261;0
5;manning;333;0
5;stertor;377;0
5;etching;382;0
5;regosol;395;0
5;starver;407;0
5;parquet;412;0
5;sullage;482;0
5;subhead;536;0
5;allover;592;0
5;saurian;632;0
5;birling;662;0
5;enskyed;704;0
5;berwick;980;0
5;ebonise;1016;0
5;flunkey_0001;1165;0
5;Year;2019;0
5;woodser;2270;0
5;toadied;2419;0
5;maestro;2730;0
5;grafton;3305;0
5;cawdrey;4446;0
5;scalpel;4493;0
5;contemn;7478;0
5;seattle;8139;0
5;mortise;10370;0,5
5;drawbar;12261;0,5
5;fergana;12385;0,5
5;dacryon;13298;0,5
5;microhm;15929;0,5
5;fordone;16330;0,5
5;shaptin;17270;0,5
5;precast;17483;0,5
5;golding;19382;0,5
5;cadorna;19506;0,5
5;benison;19612;0,5
5;recarve;22717;0,5
5;hydroid;26226;0,5
5;lighter;28657;0,5
5;mitzvah;31259;0,5
5;overlay;36729;0,5
5;triduum;38570;0,5
5;nonplus;88915;0,5
5;neuston;116423;0,5
5;flunkey;863211;1
6;byronic;3;0
6;oceanog;6;0
6;kowloon;13;0
6;airline;15;0
6;gossipy;17;0
6;mabelle;19;0
6;candler;20;0
6;gonadal;21;0
6;amenity;21;0
6;arrived;21;0
6;ivylike;29;0
6;supreme;37;0
6;natalia;38;0
6;arecibo;41;0
6;puccoon;44;0
6;bambino;44;0
6;nonsane;50;0
6;britska;51;0
6;scauper;52;0
6;vistula;60;0
6;protege;63;0
6;chunder;70;0
6;sophist;73;0
6;citizen;75;0
6;quamash;80;0
6;gingham;80;0
6;service;82;0
6;anchovy;85;0
6;doubter;96;0
6;luganda;104;0
6;eroding;106;0
6;birling;108;0
6;aplitic;111;0
6;fleecer;115;0
6;iodizer;117;0
6;fumette;130;0
6;maginus;141;0
6;philtre;145;0
6;agulhas;162;0
6;angrier;172;0
6;cynurus;181;0
6;manning;185;0
6;sullage;196;0
6;shipman;196;0
6;ferrari;201;0
6;kinesic;216;0
6;etching;276;0
6;eyespot;289;0
6;daro;301;0
6;stertor;339;0
6;capelin;356;0
6;regosol;431;0
6;allover;446;0
6;subhead;459;0
6;parquet;464;0
6;starver;612;0
6;saurian;628;0
6;enskyed;674;0
6;flunkey_0001;1140;0
6;berwick;1248;0
6;ebonise;1466;0
6;Year;2019;0
6;woodser;2454;0
6;grafton;2939;0
6;scalpel;4259;0
6;toadied;5377;0
6;maestro;5546;0
6;cawdrey;5552;0
6;seattle;6856;0
6;contemn;7602;0
6;drawbar;8881;0
6;mortise;9760;0
6;precast;10439;0,5
6;dacryon;12879;0,5
6;fergana;13560;0,5
6;fordone;15079;0,5
6;shaptin;15959;0,5
6;golding;16088;0,5
6;microhm;16800;0,5
6;cadorna;17658;0,5
6;benison;20230;0,5
6;hydroid;21518;0,5
6;recarve;23639;0,5
6;mitzvah;33347;0,5
6;overlay;35477;0,5
6;triduum;43957;0,5
6;lighter;58616;0,5
6;neuston;102365;0,5
6;nonplus;114722;0,5
6;flunkey;831944;1
7;trismus;2;0
7;candler;2;0
7;supreme;7;0
7;gossipy;8;0
7;fleecer;15;0
7;rending;17;0
7;britska;19;0
7;tripoli;22;0
7;oceanog;23;0
7;bambino;26;0
7;sophist;30;0
7;heavier;30;0
7;kowloon;36;0
7;natalia;40;0
7;aplitic;40;0
7;gingham;41;0
7;airline;43;0
7;byronic;43;0
7;murther;53;0
7;mabelle;58;0
7;amenity;60;0
7;ivylike;63;0
7;chunder;68;0
7;twinned;69;0
7;philtre;69;0
7;anchovy;71;0
7;doubter;80;0
7;cynurus;82;0
7;fumette;102;0
7;scauper;106;0
7;luganda;107;0
7;quamash;107;0
7;nonsane;109;0
7;birling;114;0
7;service;137;0
7;ferrari;137;0
7;agulhas;138;0
7;kinesic;145;0
7;eyespot;147;0
7;iodizer;148;0
7;manning;177;0
7;maginus;178;0
7;shipman;191;0
7;eroding;194;0
7;angrier;204;0
7;vistula;220;0
7;sullage;260;0
7;stertor;270;0
7;arrived;286;0
7;capelin;291;0
7;daro;319;0
7;etching;360;0
7;regosol;400;0
7;subhead;417;0
7;parquet;481;0
7;enskyed;608;0
7;starver;663;0
7;saurian;683;0
7;allover;712;0
7;berwick;962;0
7;ebonise;993;0
7;flunkey_0001;997;0
7;Year;2019;0
7;woodser;2281;0
7;toadied;2463;0
7;grafton;3077;0
7;maestro;4107;0
7;drawbar;4719;0
7;cawdrey;5047;0
7;scalpel;6849;0
7;contemn;7222;0
7;mortise;7272;0
7;seattle;7516;0
7;dacryon;7824;0
7;fordone;9976;0
7;golding;12416;0,5
7;fergana;13014;0,5
7;precast;13248;0,5
7;microhm;15402;0,5
7;cadorna;16264;0,5
7;shaptin;17705;0,5
7;benison;21084;0,5
7;mitzvah;24396;0,5
7;lighter;28538;0,5
7;hydroid;28886;0,5
7;recarve;31412;0,5
7;overlay;32945;0,5
7;triduum;42171;0,5
7;neuston;84566;0,5
7;nonplus;180360;0,5
7;flunkey;829064;1
8;murther;1;0
8;byronic;8;0
8;nonsane;10;0
8;gossipy;15;0
8;arecibo;20;0
8;gingham;22;0
8;puccoon;22;0
8;mizoram;23;0
8;citizen;24;0
8;supreme;37;0
8;amenity;39;0
8;airline;39;0
8;oceanog;39;0
8;ivylike;42;0
8;engager;45;0
8;gonadal;51;0
8;sophist;52;0
8;tripoli;53;0
8;doubter;54;0
8;candler;54;0
8;kowloon;59;0
8;mabelle;64;0
8;scauper;69;0
8;iodizer;70;0
8;aplitic;89;0
8;luganda;89;0
8;fumette;92;0
8;quamash;94;0
8;birling;99;0
8;maginus;101;0
8;anchovy;103;0
8;ferrari;106;0
8;agulhas;106;0
8;sullage;109;0
8;philtre;112;0
8;fleecer;121;0
8;cynurus;128;0
8;kinesic;131;0
8;vistula;134;0
8;eroding;144;0
8;chunder;159;0
8;eyespot;164;0
8;angrier;165;0
8;manning;168;0
8;arrived;185;0
8;service;192;0
8;shipman;247;0
8;starver;257;0
8;daro;280;0
8;etching;311;0
8;capelin;311;0
8;regosol;320;0
8;stertor;336;0
8;subhead;468;0
8;parquet;480;0
8;enskyed;562;0
8;allover;747;0
8;saurian;840;0
8;berwick;911;0
8;ebonise;1033;0
8;flunkey_0001;1105;0
8;woodser;1912;0
8;Year;2019;0
8;toadied;2398;0
8;dacryon;3109;0
8;grafton;3109;0
8;maestro;3111;0
8;scalpel;3873;0
8;cawdrey;5214;0
8;contemn;7161;0
8;golding;10130;0,5
8;seattle;11064;0,5
8;fordone;11502;0,5
8;lighter;12105;0,5
8;shaptin;12880;0,5
8;fergana;13075;0,5
8;microhm;14215;0,5
8;drawbar;14425;0,5
8;precast;15049;0,5
8;mortise;15768;0,5
8;cadorna;16864;0,5
8;mitzvah;22377;0,5
8;hydroid;22463;0,5
8;benison;33980;0,5
8;triduum;35528;0,5
8;overlay;36139;0,5
8;neuston;59472;0,5
8;recarve;59981;0,5
8;nonplus;112640;0,5
8;flunkey;776155;1
9;engager;1;0
9;gonadal;3;0
9;puccoon;11;0
9;chunder;16;0
9;kowloon;18;0
9;ivylike;19;0
9;rending;21;0
9;scauper;23;0
9;airline;23;0
9;anchovy;30;0
9;natalia;30;0
9;oceanog;30;0
9;citizen;30;0
9;gingham;33;0
9;aplitic;35;0
9;supreme;37;0
9;nonsane;37;0
9;heavier;41;0
9;luganda;42;0
9;candler;45;0
9;mabelle;47;0
9;protege;51;0
9;murther;53;0
9;maginus;56;0
9;byronic;62;0
9;sophist;67;0
9;gossipy;68;0
9;tripoli;73;0
9;sullage;89;0
9;quamash;94;0
9;philtre;97;0
9;bambino;100;0
9;eyespot;110;0
9;manning;121;0
9;doubter;126;0
9;service;131;0
9;ferrari;131;0
9;fleecer;133;0
9;fumette;133;0
9;iodizer;153;0
9;twinned;156;0
9;cynurus;159;0
9;kinesic;164;0
9;agulhas;168;0
9;angrier;168;0
9;arrived;183;0
9;eroding;190;0
9;vistula;213;0
9;stertor;215;0
9;shipman;267;0
9;etching;272;0
9;starver;276;0
9;daro;314;0
9;capelin;324;0
9;regosol;434;0
9;subhead;446;0
9;birling;451;0
9;saurian;483;0
9;parquet;586;0
9;allover;604;0
9;enskyed;691;0
9;berwick;793;0
9;ebonise;1202;0
9;flunkey_0001;1701;0
9;woodser;1808;0
9;Year;2019;0
9;scalpel;2705;0
9;toadied;2945;0
9;grafton;3459;0
9;maestro;3599;0
9;cawdrey;5764;0
9;drawbar;5815;0
9;contemn;7480;0
9;seattle;9270;0
9;fordone;10189;0,5
9;lighter;11459;0,5
9;dacryon;13494;0,5
9;golding;14112;0,5
9;fergana;14115;0,5
9;precast;15931;0,5
9;microhm;16388;0,5
9;cadorna;16796;0,5
9;shaptin;18283;0,5
9;mitzvah;24512;0,5
9;hydroid;26222;0,5
9;overlay;32570;0,5
9;benison;36245;0,5
9;triduum;42111;0,5
9;recarve;42457;0,5
9;mortise;61824;0,5
9;neuston;75214;0,5
9;nonplus;108252;0,5
9;flunkey;780685;1
10;ivylike;4;0
10;britska;12;0
10;supreme;12;0
10;trismus;14;0
10;nonsane;18;0
10;gossipy;24;0
10;airline;25;0
10;protege;26;0
10;byronic;27;0
10;arecibo;28;0
10;bambino;30;0
10;gingham;32;0
10;kowloon;35;0
10;citizen;36;0
10;amenity;36;0
10;candler;41;0
10;chunder;42;0
10;oceanog;43;0
10;mabelle;43;0
10;murther;44;0
10;sophist;44;0
10;natalia;44;0
10;rending;51;0
10;sullage;62;0
10;twinned;64;0
10;birling;65;0
10;scauper;67;0
10;maginus;81;0
10;quamash;89;0
10;agulhas;90;0
10;iodizer;96;0
10;doubter;103;0
10;aplitic;105;0
10;luganda;111;0
10;eyespot;123;0
10;philtre;130;0
10;service;130;0
10;eroding;135;0
10;fleecer;143;0
10;angrier;159;0
10;manning;179;0
10;anchovy;186;0
10;kinesic;195;0
10;fumette;195;0
10;cynurus;198;0
10;shipman;245;0
10;ferrari;252;0
10;vistula;273;0
10;capelin;307;0
10;starver;310;0
10;daro;317;0
10;regosol;329;0
10;arrived;333;0
10;etching;405;0
10;subhead;437;0
10;stertor;450;0
10;saurian;486;0
10;enskyed;611;0
10;allover;694;0
10;parquet;715;0
10;berwick;987;0
10;ebonise;1369;0
10;flunkey_0001;1520;0
10;woodser;1923;0
10;Year;2019;0
10;scalpel;3002;0
10;grafton;3708;0
10;maestro;3844;0
10;toadied;4184;0
10;seattle;7393;0
10;contemn;7671;0
10;drawbar;7701;0
10;cawdrey;8252;0
10;dacryon;8991;0
10;lighter;11214;0,5
10;golding;12809;0,5
10;fergana;14333;0,5
10;fordone;14768;0,5
10;precast;15167;0,5
10;microhm;16011;0,5
10;shaptin;17720;0,5
10;cadorna;21346;0,5
10;recarve;22891;0,5
10;hydroid;23776;0,5
10;overlay;33389;0,5
10;benison;33504;0,5
10;mitzvah;36773;0,5
10;mortise;37895;0,5
10;triduum;39255;0,5
10;neuston;72605;0,5
10;nonplus;105095;0,5
10;flunkey;799577;1
11;kowloon;7;0
11;ivylike;10;0
11;doubter;12;0
11;supreme;13;0
11;rending;18;0
11;britska;22;0
11;byronic;23;0
11;murther;28;0
11;tripoli;30;0
11;mabelle;34;0
11;bambino;39;0
11;gossipy;42;0
11;puccoon;48;0
11;arecibo;48;0
11;sullage;52;0
11;protege;55;0
11;heavier;55;0
11;chunder;56;0
11;amenity;57;0
11;airline;59;0
11;gonadal;61;0
11;sophist;69;0
11;fumette;76;0
11;nonsane;77;0
11;quamash;80;0
11;aplitic;86;0
11;iodizer;88;0
11;scauper;89;0
11;luganda;95;0
11;anchovy;97;0
11;gingham;116;0
11;agulhas;123;0
11;fleecer;127;0
11;birling;139;0
11;maginus;143;0
11;manning;146;0
11;twinned;146;0
11;philtre;147;0
11;kinesic;162;0
11;vistula;165;0
11;daro;177;0
11;ferrari;186;0
11;arrived;188;0
11;angrier;195;0
11;service;200;0
11;eroding;226;0
11;shipman;234;0
11;cynurus;236;0
11;starver;279;0
11;stertor;288;0
11;etching;322;0
11;regosol;427;0
11;capelin;459;0
11;subhead;498;0
11;saurian;509;0
11;allover;624;0
11;enskyed;666;0
11;parquet;751;0
11;ebonise;920;0
11;berwick;1001;0
11;flunkey_0001;1507;0
11;woodser;1730;0
11;Year;2019;0
11;scalpel;3106;0
11;grafton;3345;0
11;maestro;3778;0
11;toadied;4589;0
11;contemn;7567;0
11;drawbar;7911;0
11;cawdrey;9733;0
11;seattle;9996;0
11;lighter;10182;0,5
11;fordone;11653;0,5
11;golding;13033;0,5
11;fergana;13856;0,5
11;precast;14408;0,5
11;dacryon;15546;0,5
11;microhm;16896;0,5
11;cadorna;17057;0,5
11;shaptin;17488;0,5
11;mortise;20733;0,5
11;hydroid;24535;0,5
11;mitzvah;25144;0,5
11;recarve;32376;0,5
11;overlay;33062;0,5
11;benison;37542;0,5
11;triduum;37556;0,5
11;neuston;78661;0,5
11;nonplus;135233;0,5
11;flunkey;784354;1
12;murther;5;0
12;rending;7;0
12;sophist;12;0
12;chunder;13;0
12;gingham;18;0
12;citizen;18;0
12;supreme;23;0
12;arecibo;23;0
12;gonadal;23;0
12;gossipy;27;0
12;airline;27;0
12;kowloon;28;0
12;heavier;29;0
12;britska;30;0
12;ivylike;36;0
12;puccoon;37;0
12;nonsane;37;0
12;bambino;38;0
12;protege;44;0
12;trismus;45;0
12;amenity;48;0
12;scauper;60;0
12;byronic;71;0
12;anchovy;90;0
12;sullage;90;0
12;philtre;97;0
12;maginus;106;0
12;iodizer;118;0
12;twinned;121;0
12;luganda;121;0
12;doubter;123;0
12;quamash;130;0
12;birling;132;0
12;fumette;134;0
12;agulhas;138;0
12;angrier;138;0
12;aplitic;141;0
12;service;156;0
12;kinesic;160;0
12;ferrari;166;0
12;fleecer;169;0
12;eyespot;197;0
12;cynurus;216;0
12;manning;227;0
12;daro;250;0
12;arrived;261;0
12;stertor;263;0
12;shipman;265;0
12;etching;275;0
12;eroding;278;0
12;starver;302;0
12;regosol;323;0
12;capelin;382;0
12;vistula;414;0
12;saurian;494;0
12;subhead;512;0
12;allover;533;0
12;enskyed;618;0
12;parquet;879;0
12;berwick;1119;0
12;flunkey_0001;1277;0
12;ebonise;1433;0
12;woodser;1821;0
12;Year;2019;0
12;toadied;2372;0
12;maestro;3095;0
12;grafton;3640;0
12;scalpel;4125;0
12;contemn;8036;0
12;seattle;9054;0
12;drawbar;9241;0
12;dacryon;11318;0,5
12;golding;12347;0,5
12;cawdrey;12789;0,5
12;lighter;13129;0,5
12;fordone;13735;0,5
12;fergana;14184;0,5
12;microhm;15890;0,5
12;cadorna;16831;0,5
12;shaptin;17291;0,5
12;precast;18011;0,5
12;mitzvah;21417;0,5
12;mortise;22348;0,5
12;hydroid;22640;0,5
12;benison;23052;0,5
12;recarve;23648;0,5
12;overlay;25274;0,5
12;triduum;38784;0,5
12;neuston;108511;0,5
12;nonplus;145510;0,5
12;flunkey;831751;1
13;gossipy;2;0
13;natalia;5;0
13;rending;7;0
13;kowloon;9;0
13;chunder;12;0
13;nonsane;16;0
13;eyespot;20;0
13;byronic;27;0
13;aplitic;31;0
13;amenity;32;0
13;candler;35;0
13;arecibo;35;0
13;gonadal;38;0
13;bambino;39;0
13;heavier;40;0
13;murther;44;0
13;citizen;49;0
13;ivylike;57;0
13;mabelle;58;0
13;airline;65;0
13;britska;66;0
13;quamash;67;0
13;supreme;75;0
13;protege;76;0
13;oceanog;76;0
13;scauper;77;0
13;iodizer;95;0
13;luganda;107;0
13;twinned;107;0
13;philtre;110;0
13;angrier;111;0
13;sophist;114;0
13;kinesic;121;0
13;agulhas;126;0
13;doubter;129;0
13;maginus;146;0
13;cynurus;158;0
13;service;179;0
13;fumette;196;0
13;ferrari;196;0
13;fleecer;196;0
13;anchovy;241;0
13;manning;247;0
13;arrived;251;0
13;daro;252;0
13;vistula;269;0
13;stertor;273;0
13;starver;296;0
13;shipman;303;0
13;regosol;304;0
13;sullage;305;0
13;capelin;343;0
13;etching;368;0
13;eroding;390;0
13;subhead;463;0
13;allover;582;0
13;saurian;621;0
13;enskyed;721;0
13;birling;741;0
13;berwick;889;0
13;parquet;1034;0
13;flunkey_0001;1255;0
13;ebonise;1292;0
13;woodser;1853;0
13;Year;2019;0
13;toadied;2866;0
13;scalpel;3313;0
13;maestro;4646;0
13;grafton;4975;0
13;contemn;7968;0
13;seattle;8675;0
13;drawbar;9640;0
13;dacryon;10522;0,5
13;precast;12839;0,5
13;cawdrey;12957;0,5
13;fergana;13614;0,5
13;golding;16076;0,5
13;microhm;16415;0,5
13;shaptin;16667;0,5
13;fordone;16985;0,5
13;cadorna;17110;0,5
13;mortise;17267;0,5
13;lighter;19221;0,5
13;recarve;23861;0,5
13;hydroid;24392;0,5
13;benison;26530;0,5
13;mitzvah;27582;0,5
13;triduum;34852;0,5
13;overlay;41501;0,5
13;neuston;81563;0,5
13;nonplus;103999;0,5
13;flunkey;857086;1
14;byronic;5;0
14;candler;5;0
14;bambino;8;0
14;protege;15;0
14;amenity;15;0
14;mizoram;18;0
14;nonsane;21;0
14;airline;21;0
14;chunder;21;0
14;ivylike;23;0
14;britska;25;0
14;heavier;27;0
14;supreme;30;0
14;mabelle;36;0
14;oceanog;39;0
14;puccoon;53;0
14;scauper;56;0
14;gingham;58;0
14;aplitic;61;0
14;murther;62;0
14;eyespot;78;0
14;gonadal;83;0
14;arecibo;94;0
14;luganda;111;0
14;quamash;111;0
14;doubter;123;0
14;iodizer;135;0
14;service;138;0
14;fumette;146;0
14;agulhas;156;0
14;maginus;164;0
14;cynurus;167;0
14;kinesic;169;0
14;twinned;175;0
14;anchovy;175;0
14;philtre;191;0
14;angrier;194;0
14;ferrari;220;0
14;shipman;237;0
14;fleecer;262;0
14;capelin;270;0
14;etching;284;0
14;daro;288;0
14;stertor;311;0
14;arrived;321;0
14;vistula;329;0
14;eroding;338;0
14;starver;343;0
14;regosol;374;0
14;tripoli;391;0
14;birling;430;0
14;subhead;523;0
14;allover;564;0
14;saurian;707;0
14;enskyed;791;0
14;manning;842;0
14;flunkey_0001;1041;0
14;parquet;1122;0
14;ebonise;1278;0
14;berwick;1591;0
14;woodser;1618;0
14;Year;2019;0
14;scalpel;3400;0
14;dacryon;3551;0
14;toadied;3827;0
14;maestro;4247;0
14;grafton;5018;0
14;seattle;7697;0
14;contemn;8558;0
14;drawbar;9776;0
14;mortise;10393;0,5
14;precast;13267;0,5
14;fergana;13776;0,5
14;cawdrey;14075;0,5
14;lighter;14743;0,5
14;golding;15055;0,5
14;cadorna;16713;0,5
14;shaptin;17363;0,5
14;microhm;17832;0,5
14;fordone;18235;0,5
14;benison;21400;0,5
14;hydroid;24299;0,5
14;mitzvah;26227;0,5
14;recarve;27534;0,5
14;overlay;31984;0,5
14;triduum;37066;0,5
14;neuston;81009;0,5
14;nonplus;92710;0,5
14;flunkey;863968;1
15;gingham;1;0
15;ivylike;3;0
15;mabelle;5;0
15;britska;6;0
15;byronic;6;0
15;gonadal;7;0
15;trismus;13;0
15;doubter;18;0
15;oceanog;27;0
15;protege;28;0
15;candler;31;0
15;tripoli;31;0
15;scauper;31;0
15;natalia;31;0
15;citizen;34;0
15;rending;37;0
15;puccoon;42;0
15;mizoram;51;0
15;eyespot;55;0
15;kowloon;56;0
15;amenity;60;0
15;arecibo;61;0
15;supreme;68;0
15;chunder;71;0
15;gossipy;75;0
15;heavier;80;0
15;bambino;85;0
15;anchovy;89;0
15;quamash;94;0
15;kinesic;96;0
15;nonsane;101;0
15;philtre;103;0
15;maginus;104;0
15;fumette;113;0
15;cynurus;127;0
15;agulhas;134;0
15;aplitic;143;0
15;twinned;149;0
15;angrier;153;0
15;luganda;154;0
15;iodizer;174;0
15;ferrari;193;0
15;service;195;0
15;shipman;217;0
15;daro;249;0
15;stertor;253;0
15;arrived;253;0
15;fleecer;298;0
15;capelin;306;0
15;regosol;346;0
15;etching;363;0
15;manning;391;0
15;subhead;398;0
15;starver;405;0
15;vistula;446;0
15;birling;449;0
15;eroding;461;0
15;allover;569;0
15;enskyed;629;0
15;saurian;750;0
15;ebonise;1105;0
15;flunkey_0001;1170;0
15;parquet;1222;0
15;berwick;1453;0
15;woodser;1584;0
15;Year;2019;0
15;sullage;2656;0
15;toadied;2765;0
15;maestro;3186;0
15;scalpel;3303;0
15;grafton;4289;0
15;contemn;7780;0
15;seattle;9082;0
15;mortise;9812;0
15;drawbar;10160;0,5
15;cawdrey;11538;0,5
15;precast;13282;0,5
15;fergana;13809;0,5
15;dacryon;15096;0,5
15;lighter;15571;0,5
15;fordone;15855;0,5
15;microhm;17291;0,5
15;shaptin;17500;0,5
15;golding;17530;0,5
15;cadorna;18394;0,5
15;recarve;22238;0,5
15;benison;22597;0,5
15;mitzvah;23788;0,5
15;overlay;24828;0,5
15;hydroid;24965;0,5
15;triduum;36288;0,5
15;neuston;87991;0,5
15;nonplus;103985;0,5
15;flunkey;869645;1
16;oceanog;2;0
16;candler;9;0
16;britska;9;0
16;kowloon;12;0
16;gingham;13;0
16;mizoram;13;0
16;natalia;16;0
16;bambino;18;0
16;airline;19;0
16;tripoli;20;0
16;ivylike;27;0
16;murther;27;0
16;protege;27;0
16;heavier;27;0
16;nonsane;30;0
16;amenity;33;0
16;trismus;33;0
16;aplitic;35;0
16;arecibo;39;0
16;byronic;40;0
16;gossipy;44;0
16;puccoon;44;0
16;maginus;44;0
16;anchovy;49;0
16;luganda;49;0
16;sophist;56;0
16;mabelle;58;0
16;supreme;60;0
16;agulhas;63;0
16;citizen;63;0
16;manning;70;0
16;angrier;73;0
16;fumette;73;0
16;quamash;77;0
16;iodizer;81;0
16;eyespot;82;0
16;doubter;86;0
16;scauper;102;0
16;cynurus;119;0
16;daro;121;0
16;sullage;122;0
16;kinesic;126;0
16;philtre;139;0
16;service;156;0
16;twinned;158;0
16;ferrari;167;0
16;birling;186;0
16;regosol;205;0
16;capelin;211;0
16;stertor;216;0
16;shipman;219;0
16;arrived;222;0
16;fleecer;232;0
16;etching;299;0
16;eroding;334;0
16;subhead;352;0
16;starver;354;0
16;vistula;357;0
16;allover;529;0
16;enskyed;579;0
16;saurian;843;0
16;parquet;957;0
16;berwick;985;0
16;ebonise;1014;0
16;flunkey_0001;1189;0
16;toadied;1252;0
16;woodser;1732;0
16;Year;2019;0
16;scalpel;2311;0
16;maestro;2627;0
16;grafton;3831;0
16;mortise;5383;0
16;drawbar;6608;0
16;precast;7042;0
16;contemn;7237;0
16;seattle;9932;0
16;fergana;10840;0,5
16;cawdrey;11795;0,5
16;dacryon;11936;0,5
16;fordone;11974;0,5
16;shaptin;13058;0,5
16;cadorna;14381;0,5
16;lighter;14425;0,5
16;microhm;14682;0,5
16;hydroid;15134;0,5
16;benison;17601;0,5
16;golding;23713;0,5
16;triduum;27172;0,5
16;recarve;28909;0,5
16;mitzvah;33136;0,5
16;overlay;38762;0,5
16;neuston;128131;0,5
16;nonplus;137779;0,5
16;flunkey;745441;1
17;ivylike;2;0
17;amenity;6;0
17;natalia;6;0
17;doubter;9;0
17;airline;9;0
17;gossipy;11;0
17;candler;11;0
17;trismus;12;0
17;gingham;12;0
17;sophist;13;0
17;bambino;20;0
17;nonsane;25;0
17;byronic;27;0
17;rending;29;0
17;chunder;33;0
17;citizen;33;0
17;puccoon;34;0
17;mabelle;38;0
17;eyespot;42;0
17;scauper;48;0
17;arecibo;49;0
17;sullage;50;0
17;britska;52;0
17;heavier;54;0
17;tripoli;61;0
17;luganda;62;0
17;murther;65;0
17;protege;66;0
17;maginus;72;0
17;supreme;72;0
17;quamash;75;0
17;fumette;85;0
17;aplitic;87;0
17;kowloon;87;0
17;iodizer;129;0
17;philtre;142;0
17;manning;143;0
17;service;144;0
17;agulhas;154;0
17;anchovy;158;0
17;ferrari;169;0
17;shipman;197;0
17;angrier;206;0
17;birling;220;0
17;daro;225;0
17;kinesic;229;0
17;vistula;269;0
17;cynurus;271;0
17;regosol;276;0
17;fleecer;289;0
17;capelin;297;0
17;stertor;317;0
17;etching;355;0
17;starver;406;0
17;subhead;505;0
17;eroding;597;0
17;saurian;599;0
17;allover;651;0
17;enskyed;693;0
17;arrived;701;0
17;berwick;989;0
17;flunkey_0001;1081;0
17;ebonise;1374;0
17;parquet;1524;0
17;woodser;1651;0
17;toadied;1900;0
17;Year;2019;0
17;grafton;4358;0
17;maestro;4847;0
17;scalpel;5127;0
17;contemn;7541;0
17;dacryon;12501;0,5
17;fergana;12707;0,5
17;seattle;13269;0,5
17;drawbar;16073;0,5
17;cadorna;16548;0,5
17;mortise;16718;0,5
17;golding;16798;0,5
17;shaptin;17134;0,5
17;cawdrey;17339;0,5
17;lighter;17533;0,5
17;fordone;17928;0,5
17;benison;18436;0,5
17;microhm;19158;0,5
17;recarve;19388;0,5
17;mitzvah;21552;0,5
17;precast;25182;0,5
17;triduum;27384;0,5
17;hydroid;35395;0,5
17;overlay;43053;0,5
17;nonplus;113991;0,5
17;neuston;145286;0,5
17;flunkey;863191;1
